Tree	Node A-upos	Node B-upos	Node C-upos	Node D-upos	Node E-upos	Absolute frequency	Relative frequency	Order	Number of nodes	Head node
DET <det NOUN	DET	NOUN				320	12724.1640	AB	2	NOUN
ADP <case DET <det NOUN	ADP	DET	NOUN			190	7554.9724	ABC	3	NOUN
ADP <case NOUN	ADP	NOUN				165	6560.8971	AB	2	NOUN
ADJ <amod NOUN	ADJ	NOUN				126	5010.1396	AB	2	NOUN
PRON <nmod:poss NOUN	PRON	NOUN				78	3101.5150	AB	2	NOUN
DET <det ADJ <amod NOUN	DET	ADJ	NOUN			68	2703.8848	ABC	3	NOUN
CCONJ <cc NOUN	CCONJ	NOUN				66	2624.3588	AB	2	NOUN
ADP <case PRON <nmod:poss NOUN	ADP	PRON	NOUN			65	2584.5958	ABC	3	NOUN
NOUN <compound NOUN	NOUN	NOUN				59	2346.0177	AB	2	NOUN
NUM <nummod NOUN	NUM	NOUN				50	1988.1506	AB	2	NOUN
ADP <case ADJ <amod NOUN	ADP	ADJ	NOUN			49	1948.3876	ABC	3	NOUN
ADP <case DET <det ADJ <amod NOUN	ADP	DET	ADJ	NOUN		48	1908.6246	ABCD	4	NOUN
PUNCT <punct NOUN	PUNCT	NOUN				41	1630.2835	AB	2	NOUN
DET <det NOUN <compound NOUN	DET	NOUN	NOUN			38	1510.9945	ABC	3	NOUN
ADP <case NOUN <compound NOUN	ADP	NOUN	NOUN			24	954.3123	ABC	3	NOUN
ADP <case DET <det NOUN <compound NOUN	ADP	DET	NOUN	NOUN		23	914.5493	ABCD	4	NOUN
NOUN >punct PUNCT	NOUN	PUNCT				21	835.0233	AB	2	NOUN
CCONJ <cc ADJ <amod NOUN	CCONJ	ADJ	NOUN			21	835.0233	ABC	3	NOUN
ADJ <amod NOUN >punct PUNCT	ADJ	NOUN	PUNCT			21	835.0233	ABC	3	NOUN
DET <det NOUN >nmod (ADP <case DET <det NOUN)	DET	NOUN	ADP	DET	NOUN	17	675.9712	ABCDE	5	NOUN
DET <det NOUN >nmod (ADP <case NOUN)	DET	NOUN	ADP	NOUN		14	556.6822	ABCD	4	NOUN
PRON <nmod:poss ADJ <amod NOUN	PRON	ADJ	NOUN			13	516.9192	ABC	3	NOUN
ADP <case NUM <nummod NOUN	ADP	NUM	NOUN			13	516.9192	ABC	3	NOUN
PROPN <compound NOUN	PROPN	NOUN				10	397.6301	AB	2	NOUN
ADP <case DET <det PROPN <compound NOUN	ADP	DET	PROPN	NOUN		9	357.8671	ABCD	4	NOUN
ADP <case ADJ <amod ADJ <amod NOUN	ADP	ADJ	ADJ	NOUN		9	357.8671	ABCD	4	NOUN
DET <det PROPN <compound NOUN	DET	PROPN	NOUN			9	357.8671	ABC	3	NOUN
ADP <case PRON <nmod:poss ADJ <amod NOUN	ADP	PRON	ADJ	NOUN		9	357.8671	ABCD	4	NOUN
VERB <amod NOUN >punct PUNCT >appos NOUN	VERB	NOUN	PUNCT	NOUN		9	357.8671	ABCD	4	NOUN
DET <det NOUN >case PART	DET	NOUN	PART			8	318.1041	ABC	3	NOUN
ADJ <amod NOUN <compound NOUN	ADJ	NOUN	NOUN			8	318.1041	ABC	3	NOUN
ADP <case PROPN <compound NOUN	ADP	PROPN	NOUN			7	278.3411	ABC	3	NOUN
NOUN >nmod (ADP <case NOUN)	NOUN	ADP	NOUN			7	278.3411	ABC	3	NOUN
PUNCT <punct NOUN >punct PUNCT >punct PUNCT	PUNCT	NOUN	PUNCT	PUNCT		7	278.3411	ABCD	4	NOUN
CCONJ <cc NOUN <compound NOUN	CCONJ	NOUN	NOUN			7	278.3411	ABC	3	NOUN
PUNCT <punct ADJ <amod NOUN	PUNCT	ADJ	NOUN			7	278.3411	ABC	3	NOUN
NOUN >case PART	NOUN	PART				6	238.5781	AB	2	NOUN
DET <det ADJ <amod NOUN >nmod (ADP <case NOUN)	DET	ADJ	NOUN	ADP	NOUN	6	238.5781	ABCDE	5	NOUN
(PROPN >case PART) <nmod:poss NOUN	PROPN	PART	NOUN			6	238.5781	ABC	3	NOUN
ADJ <amod ADJ <amod NOUN	ADJ	ADJ	NOUN			6	238.5781	ABC	3	NOUN
ADJ <amod PUNCT <punct NOUN	ADJ	PUNCT	NOUN			6	238.5781	ABC	3	NOUN
DET <det ADJ <amod NOUN <compound NOUN	DET	ADJ	NOUN	NOUN		6	238.5781	ABCD	4	NOUN
PRON <nmod:poss NOUN <compound NOUN	PRON	NOUN	NOUN			6	238.5781	ABC	3	NOUN
NOUN >nummod NUM	NOUN	NUM				6	238.5781	AB	2	NOUN
ADV <advmod ADP <case DET <det NOUN	ADV	ADP	DET	NOUN		6	238.5781	ABCD	4	NOUN
(NOUN >case PART) <nmod:poss NOUN	NOUN	PART	NOUN			5	198.8151	ABC	3	NOUN
ADP <case NOUN >conj (CCONJ <cc NOUN)	ADP	NOUN	CCONJ	NOUN		5	198.8151	ABCD	4	NOUN
ADP <case DET <det (ADV <advmod ADJ) <amod NOUN	ADP	DET	ADV	ADJ	NOUN	5	198.8151	ABCDE	5	NOUN
ADP <case PRON <nmod:poss NOUN <compound NOUN	ADP	PRON	NOUN	NOUN		5	198.8151	ABCD	4	NOUN
(NOUN <compound NOUN) <compound NOUN	NOUN	NOUN	NOUN			5	198.8151	ABC	3	NOUN
DET <det VERB <amod NOUN	DET	VERB	NOUN			5	198.8151	ABC	3	NOUN
CCONJ <cc DET <det NOUN	CCONJ	DET	NOUN			5	198.8151	ABC	3	NOUN
ADP <case DET <det (NOUN <compound NOUN) <compound NOUN	ADP	DET	NOUN	NOUN	NOUN	5	198.8151	ABCDE	5	NOUN
NOUN >punct PUNCT >appos X	NOUN	PUNCT	X			5	198.8151	ABC	3	NOUN
PRON <nmod:poss NOUN >case PART	PRON	NOUN	PART			5	198.8151	ABC	3	NOUN
NOUN >punct PUNCT >appos NOUN	NOUN	PUNCT	NOUN			5	198.8151	ABC	3	NOUN
ADJ <amod NOUN >nmod (ADP <case NOUN)	ADJ	NOUN	ADP	NOUN		5	198.8151	ABCD	4	NOUN
NUM <nummod NOUN >nmod (ADP <case NOUN)	NUM	NOUN	ADP	NOUN		5	198.8151	ABCD	4	NOUN
NUM <nummod PUNCT <punct NOUN	NUM	PUNCT	NOUN			4	159.0520	ABC	3	NOUN
DET <det ADJ <amod ADJ <amod NOUN	DET	ADJ	ADJ	NOUN		4	159.0520	ABCD	4	NOUN
ADP <case (PROPN >case PART) <nmod:poss NOUN	ADP	PROPN	PART	NOUN		4	159.0520	ABCD	4	NOUN
DET <det NOUN >advmod ADV	DET	NOUN	ADV			4	159.0520	ABC	3	NOUN
DET <det ADJ <amod NOUN >punct PUNCT	DET	ADJ	NOUN	PUNCT		4	159.0520	ABCD	4	NOUN
ADP <case DET <det ADJ <amod ADJ <amod NOUN	ADP	DET	ADJ	ADJ	NOUN	4	159.0520	ABCDE	5	NOUN
DET <det NOUN >nmod (ADP <case PRON <nmod:poss NOUN)	DET	NOUN	ADP	PRON	NOUN	4	159.0520	ABCDE	5	NOUN
DET <det NOUN >conj (CCONJ <cc NOUN)	DET	NOUN	CCONJ	NOUN		4	159.0520	ABCD	4	NOUN
NOUN >nmod (ADP <case PROPN)	NOUN	ADP	PROPN			4	159.0520	ABC	3	NOUN
CCONJ <cc PRON <nmod:poss NOUN	CCONJ	PRON	NOUN			4	159.0520	ABC	3	NOUN
(PRON <nmod:poss NOUN >case PART) <nmod:poss NOUN	PRON	NOUN	PART	NOUN		4	159.0520	ABCD	4	NOUN
NOUN >conj (CCONJ <cc NOUN)	NOUN	CCONJ	NOUN			4	159.0520	ABC	3	NOUN
(ADV <advmod ADJ) <amod NOUN	ADV	ADJ	NOUN			4	159.0520	ABC	3	NOUN
PRON <nmod:poss NOUN >conj (CCONJ <cc NOUN)	PRON	NOUN	CCONJ	NOUN		4	159.0520	ABCD	4	NOUN
DET <det (NOUN <compound NOUN) <compound NOUN	DET	NOUN	NOUN	NOUN		4	159.0520	ABCD	4	NOUN
ADJ <amod NOUN <compound NOUN >punct PUNCT	ADJ	NOUN	NOUN	PUNCT		4	159.0520	ABCD	4	NOUN
ADV <advmod DET <det NOUN	ADV	DET	NOUN			3	119.2890	ABC	3	NOUN
(DET <det NOUN >case PART) <nmod:poss NOUN	DET	NOUN	PART	NOUN		3	119.2890	ABCD	4	NOUN
DET <det ADJ <amod NOUN >nmod (ADP <case PROPN)	DET	ADJ	NOUN	ADP	PROPN	3	119.2890	ABCDE	5	NOUN
NOUN <compound PUNCT <punct NOUN	NOUN	PUNCT	NOUN			3	119.2890	ABC	3	NOUN
ADP <case DET <det NOUN >nmod (ADP <case NOUN)	ADP	DET	NOUN	ADP	NOUN	3	119.2890	ABCDE	5	NOUN
DET <det NOUN >nmod (ADP <case PROPN)	DET	NOUN	ADP	PROPN		3	119.2890	ABCD	4	NOUN
ADP <case NOUN >nmod (ADP <case DET <det NOUN)	ADP	NOUN	ADP	DET	NOUN	3	119.2890	ABCDE	5	NOUN
ADP <case ADJ <amod NOUN >nmod (ADP <case PROPN)	ADP	ADJ	NOUN	ADP	PROPN	3	119.2890	ABCDE	5	NOUN
NOUN >nmod (ADP <case PRON)	NOUN	ADP	PRON			3	119.2890	ABC	3	NOUN
DET <det NOUN >acl (PART <mark VERB)	DET	NOUN	PART	VERB		3	119.2890	ABCD	4	NOUN
VERB <amod NOUN	VERB	NOUN				3	119.2890	AB	2	NOUN
PRON <nmod:poss NOUN >nmod (ADP <case NOUN)	PRON	NOUN	ADP	NOUN		3	119.2890	ABCD	4	NOUN
ADP <case ADJ <amod NOUN <compound NOUN	ADP	ADJ	NOUN	NOUN		3	119.2890	ABCD	4	NOUN
DET <det (ADJ <amod NOUN) <compound NOUN	DET	ADJ	NOUN	NOUN		3	119.2890	ABCD	4	NOUN
ADP <case ADJ <amod NOUN >nmod (ADP <case NOUN)	ADP	ADJ	NOUN	ADP	NOUN	3	119.2890	ABCDE	5	NOUN
ADP <case ADJ <amod NOUN >conj (CCONJ <cc NOUN)	ADP	ADJ	NOUN	CCONJ	NOUN	3	119.2890	ABCDE	5	NOUN
ADP <case (ADJ <amod NOUN) <compound NOUN	ADP	ADJ	NOUN	NOUN		3	119.2890	ABCD	4	NOUN
PUNCT <punct NOUN >punct PUNCT >appos NUM	PUNCT	NOUN	PUNCT	NUM		3	119.2890	ABCD	4	NOUN
ADP <case DET <det VERB <amod NOUN	ADP	DET	VERB	NOUN		3	119.2890	ABCD	4	NOUN
ADP <case DET <det ADJ <amod NUM <nummod NOUN	ADP	DET	ADJ	NUM	NOUN	3	119.2890	ABCDE	5	NOUN
PRON <nmod:poss ADJ <amod NOUN <compound NOUN	PRON	ADJ	NOUN	NOUN		3	119.2890	ABCD	4	NOUN
NOUN >punct PUNCT >appos (PROPN >flat PROPN)	NOUN	PUNCT	PROPN	PROPN		3	119.2890	ABCD	4	NOUN
VERB <case DET <det NOUN <compound NOUN	VERB	DET	NOUN	NOUN		3	119.2890	ABCD	4	NOUN
ADP <case PRON <nmod:poss NOUN >conj (CCONJ <cc NOUN)	ADP	PRON	NOUN	CCONJ	NOUN	3	119.2890	ABCDE	5	NOUN
PUNCT <punct NOUN <compound NOUN	PUNCT	NOUN	NOUN			3	119.2890	ABC	3	NOUN
DET <det NOUN >nmod (ADP <case NOUN <compound NOUN)	DET	NOUN	ADP	NOUN	NOUN	3	119.2890	ABCDE	5	NOUN
ADP <case DET <det ADJ <amod NOUN <compound NOUN	ADP	DET	ADJ	NOUN	NOUN	3	119.2890	ABCDE	5	NOUN
ADP <case DET <det NOUN >nmod (ADP <case PROPN)	ADP	DET	NOUN	ADP	PROPN	3	119.2890	ABCDE	5	NOUN
ADP <case ADP <case DET <det NOUN	ADP	ADP	DET	NOUN		3	119.2890	ABCD	4	NOUN
DET <det NOUN >nmod (ADP <case PROPN <compound PROPN)	DET	NOUN	ADP	PROPN	PROPN	3	119.2890	ABCDE	5	NOUN
DET <det NOUN >nmod (ADP <case PRON)	DET	NOUN	ADP	PRON		3	119.2890	ABCD	4	NOUN
SYM <cc NOUN	SYM	NOUN				3	119.2890	AB	2	NOUN
CCONJ <cc (ADV <advmod ADJ) <amod NOUN	CCONJ	ADV	ADJ	NOUN		3	119.2890	ABCD	4	NOUN
ADP <case NOUN <compound PUNCT <punct NOUN	ADP	NOUN	PUNCT	NOUN		2	79.5260	ABCD	4	NOUN
DET <det:predet DET <det NOUN	DET	DET	NOUN			2	79.5260	ABC	3	NOUN
ADP <case ADJ <amod PROPN <compound NOUN	ADP	ADJ	PROPN	NOUN		2	79.5260	ABCD	4	NOUN
PRON <nmod:poss VERB <amod NOUN	PRON	VERB	NOUN			2	79.5260	ABC	3	NOUN
CCONJ <cc DET <det ADJ <amod NOUN	CCONJ	DET	ADJ	NOUN		2	79.5260	ABCD	4	NOUN
CCONJ <cc DET <det (ADV <advmod ADJ) <amod NOUN	CCONJ	DET	ADV	ADJ	NOUN	2	79.5260	ABCDE	5	NOUN
(ADV <advmod NUM) <nummod NOUN	ADV	NUM	NOUN			2	79.5260	ABC	3	NOUN
DET <det ADJ <amod NUM <nummod NOUN	DET	ADJ	NUM	NOUN		2	79.5260	ABCD	4	NOUN
DET <det NUM <nummod NOUN	DET	NUM	NOUN			2	79.5260	ABC	3	NOUN
ADP <case PROPN <compound NOUN <compound NOUN	ADP	PROPN	NOUN	NOUN		2	79.5260	ABCD	4	NOUN
DET <det NOUN >punct PUNCT	DET	NOUN	PUNCT			2	79.5260	ABC	3	NOUN
DET <det ADJ <amod NOUN >advmod ADV	DET	ADJ	NOUN	ADV		2	79.5260	ABCD	4	NOUN
DET <det:predet PRON <nmod:poss NOUN	DET	PRON	NOUN			2	79.5260	ABC	3	NOUN
(ADJ <amod NOUN) <compound NOUN	ADJ	NOUN	NOUN			2	79.5260	ABC	3	NOUN
ADV <advmod NUM <nummod NOUN	ADV	NUM	NOUN			2	79.5260	ABC	3	NOUN
NUM <nummod NOUN <compound NOUN	NUM	NOUN	NOUN			2	79.5260	ABC	3	NOUN
(ADP >fixed ADP) <case NOUN	ADP	ADP	NOUN			2	79.5260	ABC	3	NOUN
NOUN >nmod (ADP <case DET <det NOUN)	NOUN	ADP	DET	NOUN		2	79.5260	ABCD	4	NOUN
NOUN >appos (PUNCT <punct NUM <nummod PUNCT <punct NUM)	NOUN	PUNCT	NUM	PUNCT	NUM	2	79.5260	ABCDE	5	NOUN
DET <det NOUN >acl VERB	DET	NOUN	VERB			2	79.5260	ABC	3	NOUN
ADJ <amod NOUN >punct PUNCT >appos NUM	ADJ	NOUN	PUNCT	NUM		2	79.5260	ABCD	4	NOUN
DET <det NOUN >acl (VERB >advmod ADV)	DET	NOUN	VERB	ADV		2	79.5260	ABCD	4	NOUN
ADP <case DET <det (ADV <compound VERB) <amod NOUN	ADP	DET	ADV	VERB	NOUN	2	79.5260	ABCDE	5	NOUN
ADP <case NOUN >nummod NUM	ADP	NOUN	NUM			2	79.5260	ABC	3	NOUN
VERB <case NOUN	VERB	NOUN				2	79.5260	AB	2	NOUN
ADP <case DET <det (NUM <nummod NOUN) <compound NOUN	ADP	DET	NUM	NOUN	NOUN	2	79.5260	ABCDE	5	NOUN
(NOUN <compound NOUN) <compound NOUN >punct PUNCT	NOUN	NOUN	NOUN	PUNCT		2	79.5260	ABCD	4	NOUN
PUNCT <punct NOUN >punct PUNCT	PUNCT	NOUN	PUNCT			2	79.5260	ABC	3	NOUN
CCONJ <cc PUNCT <punct CCONJ <cc NOUN	CCONJ	PUNCT	CCONJ	NOUN		2	79.5260	ABCD	4	NOUN
PUNCT <punct NOUN <compound PUNCT <punct NOUN	PUNCT	NOUN	PUNCT	NOUN		2	79.5260	ABCD	4	NOUN
ADP <case DET <det NOUN >conj (CCONJ <cc NOUN)	ADP	DET	NOUN	CCONJ	NOUN	2	79.5260	ABCDE	5	NOUN
ADJ <amod NOUN >vocative PROPN >punct PUNCT	ADJ	NOUN	PROPN	PUNCT		2	79.5260	ABCD	4	NOUN
NOUN >appos NUM	NOUN	NUM				2	79.5260	AB	2	NOUN
VERB <amod NOUN >nummod NUM	VERB	NOUN	NUM			2	79.5260	ABC	3	NOUN
PUNCT <punct ADJ <amod NOUN <compound NOUN >punct PUNCT	PUNCT	ADJ	NOUN	NOUN	PUNCT	2	79.5260	ABCDE	5	NOUN
CCONJ <cc ADJ <amod NOUN <compound NOUN	CCONJ	ADJ	NOUN	NOUN		2	79.5260	ABCD	4	NOUN
NOUN >conj (CCONJ <cc NOUN <compound NOUN)	NOUN	CCONJ	NOUN	NOUN		2	79.5260	ABCD	4	NOUN
DET <det NOUN >acl:relcl (PRON <nsubj VERB)	DET	NOUN	PRON	VERB		2	79.5260	ABCD	4	NOUN
DET <det NOUN <compound NOUN <compound NOUN	DET	NOUN	NOUN	NOUN		2	79.5260	ABCD	4	NOUN
CCONJ <cc PRON <nmod:poss NOUN <compound NOUN	CCONJ	PRON	NOUN	NOUN		2	79.5260	ABCD	4	NOUN
PRON <nmod:poss NOUN >conj (CCONJ <cc NOUN <compound NOUN)	PRON	NOUN	CCONJ	NOUN	NOUN	2	79.5260	ABCDE	5	NOUN
PUNCT <punct NOUN >punct PUNCT >appos NOUN >punct PUNCT	PUNCT	NOUN	PUNCT	NOUN	PUNCT	2	79.5260	ABCDE	5	NOUN
ADP <case (PROPN <compound PROPN) <compound ADJ <amod NOUN	ADP	PROPN	PROPN	ADJ	NOUN	2	79.5260	ABCDE	5	NOUN
ADP <case DET <det NOUN <compound NOUN <compound NOUN	ADP	DET	NOUN	NOUN	NOUN	2	79.5260	ABCDE	5	NOUN
NOUN <compound NOUN >punct PUNCT >appos X	NOUN	NOUN	PUNCT	X		2	79.5260	ABCD	4	NOUN
SYM <compound NOUN	SYM	NOUN				2	79.5260	AB	2	NOUN
CCONJ <cc DET <det ADJ <amod NOUN <compound NOUN	CCONJ	DET	ADJ	NOUN	NOUN	2	79.5260	ABCDE	5	NOUN
CCONJ <cc ADV <advmod NOUN	CCONJ	ADV	NOUN			2	79.5260	ABC	3	NOUN
ADP <case PRON <nmod:poss PROPN <compound NOUN	ADP	PRON	PROPN	NOUN		2	79.5260	ABCD	4	NOUN
CCONJ <cc ADJ <amod ADJ <amod NOUN	CCONJ	ADJ	ADJ	NOUN		2	79.5260	ABCD	4	NOUN
ADP <case DET <det NOUN >acl:relcl (PRON <nsubj VERB)	ADP	DET	NOUN	PRON	VERB	2	79.5260	ABCDE	5	NOUN
ADP <case NUM <nummod NUM <nummod NOUN	ADP	NUM	NUM	NOUN		2	79.5260	ABCD	4	NOUN
ADJ <amod NOUN >conj (CCONJ <cc NOUN)	ADJ	NOUN	CCONJ	NOUN		2	79.5260	ABCD	4	NOUN
ADP <case NOUN >nmod (ADP <case NOUN)	ADP	NOUN	ADP	NOUN		2	79.5260	ABCD	4	NOUN
(SYM <advmod NUM) <nummod NOUN	SYM	NUM	NOUN			2	79.5260	ABC	3	NOUN
(ADJ >conj (SYM <cc ADJ)) <amod PUNCT <punct NOUN	ADJ	SYM	ADJ	PUNCT	NOUN	2	79.5260	ABCDE	5	NOUN
PUNCT <punct CCONJ <cc NOUN	PUNCT	CCONJ	NOUN			2	79.5260	ABC	3	NOUN
ADP <case NOUN >nmod (ADP <case PROPN)	ADP	NOUN	ADP	PROPN		2	79.5260	ABCD	4	NOUN
ADV <advmod NOUN	ADV	NOUN				2	79.5260	AB	2	NOUN
ADP <case PRON <nmod:poss NOUN >acl (PART <mark VERB)	ADP	PRON	NOUN	PART	VERB	2	79.5260	ABCDE	5	NOUN
PRON <nmod:poss ADJ <amod ADJ <amod NOUN >punct PUNCT	PRON	ADJ	ADJ	NOUN	PUNCT	2	79.5260	ABCDE	5	NOUN
NOUN >fixed ADP	NOUN	ADP				2	79.5260	AB	2	NOUN
ADP <case ADJ <amod NOUN >advmod ADV	ADP	ADJ	NOUN	ADV		2	79.5260	ABCD	4	NOUN
NOUN >discourse INTJ	NOUN	INTJ				2	79.5260	AB	2	NOUN
NOUN <compound NOUN >punct PUNCT	NOUN	NOUN	PUNCT			2	79.5260	ABC	3	NOUN
NOUN >nmod (ADP <case PROPN <compound PROPN)	NOUN	ADP	PROPN	PROPN		2	79.5260	ABCD	4	NOUN
DET <det NOUN >acl:relcl (PRON <nsubj VERB >obj PRON)	DET	NOUN	PRON	VERB	PRON	2	79.5260	ABCDE	5	NOUN
DET <det NOUN <compound NOUN <compound PUNCT <punct NOUN	DET	NOUN	NOUN	PUNCT	NOUN	2	79.5260	ABCDE	5	NOUN
ADJ <amod NOUN >parataxis (ADJ <amod NOUN)	ADJ	NOUN	ADJ	NOUN		2	79.5260	ABCD	4	NOUN
ADJ <amod NOUN >conj (CCONJ <cc ADJ <amod NOUN)	ADJ	NOUN	CCONJ	ADJ	NOUN	2	79.5260	ABCDE	5	NOUN
ADV <advmod ADP <case PRON <nmod:poss NOUN	ADV	ADP	PRON	NOUN		2	79.5260	ABCD	4	NOUN
DET <det NOUN >appos PROPN	DET	NOUN	PROPN			2	79.5260	ABC	3	NOUN
ADJ <amod ADJ <amod NOUN >punct PUNCT	ADJ	ADJ	NOUN	PUNCT		2	79.5260	ABCD	4	NOUN
ADJ <amod NOUN <compound NOUN >nmod (ADP <case PROPN)	ADJ	NOUN	NOUN	ADP	PROPN	2	79.5260	ABCDE	5	NOUN
PUNCT <punct ADJ <amod NOUN >punct PUNCT	PUNCT	ADJ	NOUN	PUNCT		2	79.5260	ABCD	4	NOUN
NOUN >punct PUNCT >compound NUM	NOUN	PUNCT	NUM			1	39.7630	ABC	3	NOUN
CCONJ <cc PRON <nmod:poss NOUN >nmod (ADP <case NOUN)	CCONJ	PRON	NOUN	ADP	NOUN	1	39.7630	ABCDE	5	NOUN
ADP <case (DET <det NOUN >case PART) <nmod:poss NOUN	ADP	DET	NOUN	PART	NOUN	1	39.7630	ABCDE	5	NOUN
(PROPN >case PART) <nmod:poss ADJ <amod NOUN	PROPN	PART	ADJ	NOUN		1	39.7630	ABCD	4	NOUN
DET <det (NUM <nummod PUNCT <punct NOUN) <compound NOUN	DET	NUM	PUNCT	NOUN	NOUN	1	39.7630	ABCDE	5	NOUN
NOUN <compound NOUN >nmod (ADP <case DET <det NOUN)	NOUN	NOUN	ADP	DET	NOUN	1	39.7630	ABCDE	5	NOUN
ADP <case PRON <nmod:poss NOUN >nmod (ADP <case NOUN)	ADP	PRON	NOUN	ADP	NOUN	1	39.7630	ABCDE	5	NOUN
PROPN <compound NOUN >advmod ADV	PROPN	NOUN	ADV			1	39.7630	ABC	3	NOUN
CCONJ <cc NUM <nummod NOUN >nmod (ADP <case PROPN)	CCONJ	NUM	NOUN	ADP	PROPN	1	39.7630	ABCDE	5	NOUN
ADP <case PUNCT <punct ADJ <amod PUNCT <punct NOUN	ADP	PUNCT	ADJ	PUNCT	NOUN	1	39.7630	ABCDE	5	NOUN
ADJ <amod PROPN <compound NOUN	ADJ	PROPN	NOUN			1	39.7630	ABC	3	NOUN
ADP <case NOUN >nmod (ADP <case DET <det PROPN)	ADP	NOUN	ADP	DET	PROPN	1	39.7630	ABCDE	5	NOUN
CCONJ <cc DET <det NOUN <compound NOUN	CCONJ	DET	NOUN	NOUN		1	39.7630	ABCD	4	NOUN
ADP <case NOUN >acl:relcl (PROPN <nsubj VERB >obl ADP)	ADP	NOUN	PROPN	VERB	ADP	1	39.7630	ABCDE	5	NOUN
NOUN >nmod (ADP <case DET <det PROPN)	NOUN	ADP	DET	PROPN		1	39.7630	ABCD	4	NOUN
ADP <case ((ADJ >fixed ADP) <advmod NUM) <nummod NOUN	ADP	ADJ	ADP	NUM	NOUN	1	39.7630	ABCDE	5	NOUN
ADP <case ADJ <amod ADJ <amod ADJ <amod NOUN	ADP	ADJ	ADJ	ADJ	NOUN	1	39.7630	ABCDE	5	NOUN
NOUN >nmod (ADP <case DET <det PROPN <compound NOUN)	NOUN	ADP	DET	PROPN	NOUN	1	39.7630	ABCDE	5	NOUN
ADP <case PUNCT <punct NOUN	ADP	PUNCT	NOUN			1	39.7630	ABC	3	NOUN
CCONJ <cc (DET <det NOUN >case PART) <nmod:poss NOUN	CCONJ	DET	NOUN	PART	NOUN	1	39.7630	ABCDE	5	NOUN
VERB <case ADV <advmod PRON <nmod:poss ADJ <amod NOUN	VERB	ADV	PRON	ADJ	NOUN	1	39.7630	ABCDE	5	NOUN
ADP <case DET <det NOUN >acl (PART <mark VERB)	ADP	DET	NOUN	PART	VERB	1	39.7630	ABCDE	5	NOUN
DET <det NOUN >nmod (ADP <case PRON <nmod:poss PROPN)	DET	NOUN	ADP	PRON	PROPN	1	39.7630	ABCDE	5	NOUN
ADP <case (PROPN >case PART) <nmod:poss ADJ <amod NOUN	ADP	PROPN	PART	ADJ	NOUN	1	39.7630	ABCDE	5	NOUN
DET <det NOUN >acl (PART <mark AUX)	DET	NOUN	PART	AUX		1	39.7630	ABCD	4	NOUN
(ADV <advmod NUM) <nummod ADJ <amod NOUN	ADV	NUM	ADJ	NOUN		1	39.7630	ABCD	4	NOUN
(ADP <case ADJ) <nmod DET <det NOUN	ADP	ADJ	DET	NOUN		1	39.7630	ABCD	4	NOUN
DET <det NOUN >nmod (ADP <case X <compound X)	DET	NOUN	ADP	X	X	1	39.7630	ABCDE	5	NOUN
DET <det NOUN >nmod (ADP <case ADJ <amod NOUN)	DET	NOUN	ADP	ADJ	NOUN	1	39.7630	ABCDE	5	NOUN
DET <det:predet DET <det ADJ <amod NOUN	DET	DET	ADJ	NOUN		1	39.7630	ABCD	4	NOUN
DET <det NOUN >conj PRON >punct PUNCT	DET	NOUN	PRON	PUNCT		1	39.7630	ABCD	4	NOUN
CCONJ <cc PRON <nmod:poss NOUN >appos PROPN	CCONJ	PRON	NOUN	PROPN		1	39.7630	ABCD	4	NOUN
ADV <advmod ADP <case ADJ <amod NOUN	ADV	ADP	ADJ	NOUN		1	39.7630	ABCD	4	NOUN
PUNCT <punct NOUN >punct PUNCT >punct PUNCT >punct PUNCT	PUNCT	NOUN	PUNCT	PUNCT	PUNCT	1	39.7630	ABCDE	5	NOUN
CCONJ <cc DET <det PROPN <compound NOUN	CCONJ	DET	PROPN	NOUN		1	39.7630	ABCD	4	NOUN
ADV <advmod DET <det ADJ <amod NOUN	ADV	DET	ADJ	NOUN		1	39.7630	ABCD	4	NOUN
PUNCT <punct DET <det PROPN <compound NOUN	PUNCT	DET	PROPN	NOUN		1	39.7630	ABCD	4	NOUN
CCONJ <cc NOUN <compound NOUN >nmod (ADP <case ADJ)	CCONJ	NOUN	NOUN	ADP	ADJ	1	39.7630	ABCDE	5	NOUN
ADP <case (PROPN >case PART) <nmod:poss NOUN >nmod:tmod NOUN	ADP	PROPN	PART	NOUN	NOUN	1	39.7630	ABCDE	5	NOUN
DET <det PROPN <compound NOUN >appos PROPN	DET	PROPN	NOUN	PROPN		1	39.7630	ABCD	4	NOUN
ADP <case NOUN >nmod (ADP <case PROPN >flat PROPN)	ADP	NOUN	ADP	PROPN	PROPN	1	39.7630	ABCDE	5	NOUN
DET <det NOUN >acl:relcl (PROPN <nsubj VERB)	DET	NOUN	PROPN	VERB		1	39.7630	ABCD	4	NOUN
DET <det ADJ <amod (ADJ <amod NOUN) <compound NOUN	DET	ADJ	ADJ	NOUN	NOUN	1	39.7630	ABCDE	5	NOUN
ADP <case DET <det (PROPN <compound NOUN) <compound NOUN	ADP	DET	PROPN	NOUN	NOUN	1	39.7630	ABCDE	5	NOUN
ADJ <amod (ADJ <amod NOUN) <compound NOUN	ADJ	ADJ	NOUN	NOUN		1	39.7630	ABCD	4	NOUN
NOUN >nmod (ADP <case DET <det NOUN) >punct PUNCT	NOUN	ADP	DET	NOUN	PUNCT	1	39.7630	ABCDE	5	NOUN
ADP <case ADP <case NOUN	ADP	ADP	NOUN			1	39.7630	ABC	3	NOUN
CCONJ <cc NOUN >nmod (ADP <case PRON)	CCONJ	NOUN	ADP	PRON		1	39.7630	ABCD	4	NOUN
PROPN <compound PUNCT <punct NOUN	PROPN	PUNCT	NOUN			1	39.7630	ABC	3	NOUN
ADP <case NOUN <compound NOUN >nmod (ADP <case PROPN)	ADP	NOUN	NOUN	ADP	PROPN	1	39.7630	ABCDE	5	NOUN
DET <det NOUN >nmod (ADP <case DET <det PROPN)	DET	NOUN	ADP	DET	PROPN	1	39.7630	ABCDE	5	NOUN
CCONJ <cc ADV <advmod ADJ <amod PUNCT <punct NOUN	CCONJ	ADV	ADJ	PUNCT	NOUN	1	39.7630	ABCDE	5	NOUN
((PROPN >nummod NUM) <compound PROPN) <compound NOUN	PROPN	NUM	PROPN	NOUN		1	39.7630	ABCD	4	NOUN
DET <det ADJ <amod (ADJ <amod ADJ) <amod NOUN	DET	ADJ	ADJ	ADJ	NOUN	1	39.7630	ABCDE	5	NOUN
PRON <nmod:poss NOUN <compound NOUN >nmod (ADP <case PROPN)	PRON	NOUN	NOUN	ADP	PROPN	1	39.7630	ABCDE	5	NOUN
NUM <nummod PROPN <compound NOUN	NUM	PROPN	NOUN			1	39.7630	ABC	3	NOUN
PRON <nmod:poss ADJ <amod NOUN >nmod (ADP <case PROPN)	PRON	ADJ	NOUN	ADP	PROPN	1	39.7630	ABCDE	5	NOUN
ADJ <amod NOUN >punct PUNCT >punct PUNCT	ADJ	NOUN	PUNCT	PUNCT		1	39.7630	ABCD	4	NOUN
ADP <case (DET <det PROPN >case PART) <nmod:poss NOUN	ADP	DET	PROPN	PART	NOUN	1	39.7630	ABCDE	5	NOUN
(DET >conj (CCONJ <cc DET)) <compound NOUN	DET	CCONJ	DET	NOUN		1	39.7630	ABCD	4	NOUN
(ADJ >conj (CCONJ <cc ADJ)) <amod NOUN	ADJ	CCONJ	ADJ	NOUN		1	39.7630	ABCD	4	NOUN
(PROPN >case PART) <nmod:poss NOUN >list (PROPN >nummod NUM)	PROPN	PART	NOUN	PROPN	NUM	1	39.7630	ABCDE	5	NOUN
SYM <cc NOUN >acl (VERB >compound:prt ADP)	SYM	NOUN	VERB	ADP		1	39.7630	ABCD	4	NOUN
CCONJ <cc ADJ <amod NOUN >nmod ADP	CCONJ	ADJ	NOUN	ADP		1	39.7630	ABCD	4	NOUN
ADP <case PUNCT <punct DET <det NOUN	ADP	PUNCT	DET	NOUN		1	39.7630	ABCD	4	NOUN
VERB <case PRON <nmod:poss NOUN	VERB	PRON	NOUN			1	39.7630	ABC	3	NOUN
DET <det ADJ <amod NOUN >acl (VERB >advmod ADV)	DET	ADJ	NOUN	VERB	ADV	1	39.7630	ABCDE	5	NOUN
CCONJ <cc NUM <nummod (NOUN <compound NOUN) <compound NOUN	CCONJ	NUM	NOUN	NOUN	NOUN	1	39.7630	ABCDE	5	NOUN
CCONJ <cc NOUN >nmod (ADP <case NOUN >nummod NUM)	CCONJ	NOUN	ADP	NOUN	NUM	1	39.7630	ABCDE	5	NOUN
DET <det (ADJ >conj (CCONJ <cc VERB)) <amod NOUN	DET	ADJ	CCONJ	VERB	NOUN	1	39.7630	ABCDE	5	NOUN
VERB <case ADP <case PRON <nmod:poss NOUN	VERB	ADP	PRON	NOUN		1	39.7630	ABCD	4	NOUN
(ADV <advmod ADJ) <amod PUNCT <punct NOUN >punct PUNCT	ADV	ADJ	PUNCT	NOUN	PUNCT	1	39.7630	ABCDE	5	NOUN
DET <det ADJ <amod NOUN <compound NOUN >punct PUNCT	DET	ADJ	NOUN	NOUN	PUNCT	1	39.7630	ABCDE	5	NOUN
ADP <case DET <det NOUN >nmod:tmod (DET <det NOUN)	ADP	DET	NOUN	DET	NOUN	1	39.7630	ABCDE	5	NOUN
NOUN >advmod (ADV <advmod ADV)	NOUN	ADV	ADV			1	39.7630	ABC	3	NOUN
ADP <case ADV <advmod DET <det NOUN	ADP	ADV	DET	NOUN		1	39.7630	ABCD	4	NOUN
ADP <case PRON <nmod:poss NOUN >punct PUNCT	ADP	PRON	NOUN	PUNCT		1	39.7630	ABCD	4	NOUN
CCONJ <cc DET <det:predet PRON <nmod:poss NOUN	CCONJ	DET	PRON	NOUN		1	39.7630	ABCD	4	NOUN
CCONJ <cc NOUN >nmod (ADP <case DET <det NOUN)	CCONJ	NOUN	ADP	DET	NOUN	1	39.7630	ABCDE	5	NOUN
CCONJ <cc (NUM <nummod NOUN) <compound NOUN	CCONJ	NUM	NOUN	NOUN		1	39.7630	ABCD	4	NOUN
VERB <case ADP <case NOUN	VERB	ADP	NOUN			1	39.7630	ABC	3	NOUN
ADP <case (PROPN >case PART) <nmod:poss NOUN <compound NOUN	ADP	PROPN	PART	NOUN	NOUN	1	39.7630	ABCDE	5	NOUN
DET <det PUNCT <punct NOUN	DET	PUNCT	NOUN			1	39.7630	ABC	3	NOUN
NOUN >appos X	NOUN	X				1	39.7630	AB	2	NOUN
VERB <amod NOUN <compound NOUN	VERB	NOUN	NOUN			1	39.7630	ABC	3	NOUN
VERB <case DET <det NOUN	VERB	DET	NOUN			1	39.7630	ABC	3	NOUN
ADP <case (ADP <case NOUN) <compound NOUN	ADP	ADP	NOUN	NOUN		1	39.7630	ABCD	4	NOUN
ADP <case PUNCT <punct NOUN >nmod (ADP <case PROPN)	ADP	PUNCT	NOUN	ADP	PROPN	1	39.7630	ABCDE	5	NOUN
VERB <amod VERB <amod (NOUN >nummod NUM) <compound NOUN	VERB	VERB	NOUN	NUM	NOUN	1	39.7630	ABCDE	5	NOUN
DET <det NOUN <compound NOUN >nmod (ADP <case PROPN)	DET	NOUN	NOUN	ADP	PROPN	1	39.7630	ABCDE	5	NOUN
(NOUN >conj (CCONJ <cc NOUN <compound NOUN)) <compound NOUN	NOUN	CCONJ	NOUN	NOUN	NOUN	1	39.7630	ABCDE	5	NOUN
NOUN >nmod (ADP <case PRON <nmod:poss NOUN) >punct PUNCT	NOUN	ADP	PRON	NOUN	PUNCT	1	39.7630	ABCDE	5	NOUN
DET <det (PROPN <compound NOUN) <compound NOUN <compound NOUN	DET	PROPN	NOUN	NOUN	NOUN	1	39.7630	ABCDE	5	NOUN
(ADV <advmod NUM) <nummod NOUN <compound NOUN	ADV	NUM	NOUN	NOUN		1	39.7630	ABCD	4	NOUN
PROPN <compound (ADJ <amod PUNCT <punct ADJ) <amod NOUN	PROPN	ADJ	PUNCT	ADJ	NOUN	1	39.7630	ABCDE	5	NOUN
ADP <case CCONJ <cc:preconj NOUN >conj (CCONJ <cc NOUN)	ADP	CCONJ	NOUN	CCONJ	NOUN	1	39.7630	ABCDE	5	NOUN
DET <det NOUN >conj (CCONJ <cc ADJ <amod NOUN)	DET	NOUN	CCONJ	ADJ	NOUN	1	39.7630	ABCDE	5	NOUN
NOUN <compound NOUN >punct PUNCT >appos NUM	NOUN	NOUN	PUNCT	NUM		1	39.7630	ABCD	4	NOUN
PUNCT <punct NOUN >goeswith X >punct PUNCT	PUNCT	NOUN	X	PUNCT		1	39.7630	ABCD	4	NOUN
DET <det:predet DET <det NOUN >acl:relcl (PRON <nsubj VERB)	DET	DET	NOUN	PRON	VERB	1	39.7630	ABCDE	5	NOUN
ADP <case NOUN >conj (CCONJ <cc NOUN <compound NOUN)	ADP	NOUN	CCONJ	NOUN	NOUN	1	39.7630	ABCDE	5	NOUN
NOUN <compound NOUN >punct PUNCT >appos X >appos X	NOUN	NOUN	PUNCT	X	X	1	39.7630	ABCDE	5	NOUN
NOUN >punct PUNCT >appos NUM	NOUN	PUNCT	NUM			1	39.7630	ABC	3	NOUN
NOUN >punct PUNCT >appos (VERB >advmod ADV)	NOUN	PUNCT	VERB	ADV		1	39.7630	ABCD	4	NOUN
ADP <case NUM <nummod NOUN >conj (CCONJ <cc ADV)	ADP	NUM	NOUN	CCONJ	ADV	1	39.7630	ABCDE	5	NOUN
NOUN >nmod (ADP <case DET <det NOUN <compound NOUN)	NOUN	ADP	DET	NOUN	NOUN	1	39.7630	ABCDE	5	NOUN
ADP <case PRON <nmod:poss NUM <nmod:tmod NOUN	ADP	PRON	NUM	NOUN		1	39.7630	ABCD	4	NOUN
CCONJ <cc NOUN >nmod (ADP <case ADJ <amod NOUN)	CCONJ	NOUN	ADP	ADJ	NOUN	1	39.7630	ABCDE	5	NOUN
DET <det NOUN >punct PUNCT >appos (PROPN >flat PROPN)	DET	NOUN	PUNCT	PROPN	PROPN	1	39.7630	ABCDE	5	NOUN
ADP <case VERB <amod NOUN <compound NOUN <compound NOUN	ADP	VERB	NOUN	NOUN	NOUN	1	39.7630	ABCDE	5	NOUN
PUNCT <punct CCONJ <cc VERB <amod NOUN <compound NOUN	PUNCT	CCONJ	VERB	NOUN	NOUN	1	39.7630	ABCDE	5	NOUN
NOUN >punct PUNCT >list (PROPN >flat PROPN)	NOUN	PUNCT	PROPN	PROPN		1	39.7630	ABCD	4	NOUN
ADP <case DET <det PROPN <compound NOUN <compound NOUN	ADP	DET	PROPN	NOUN	NOUN	1	39.7630	ABCDE	5	NOUN
PUNCT <punct (ADJ >fixed ADP) <case NOUN >punct PUNCT	PUNCT	ADJ	ADP	NOUN	PUNCT	1	39.7630	ABCDE	5	NOUN
NOUN >punct PUNCT >list NOUN	NOUN	PUNCT	NOUN			1	39.7630	ABC	3	NOUN
NOUN >punct PUNCT >list (NOUN >punct PUNCT >list NOUN)	NOUN	PUNCT	NOUN	PUNCT	NOUN	1	39.7630	ABCDE	5	NOUN
VERB <case ADP <case ADJ <amod NOUN <compound NOUN	VERB	ADP	ADJ	NOUN	NOUN	1	39.7630	ABCDE	5	NOUN
PRON <nmod:poss NOUN >nmod (ADP <case DET <det NOUN)	PRON	NOUN	ADP	DET	NOUN	1	39.7630	ABCDE	5	NOUN
(NUM <nummod NOUN) <compound NOUN	NUM	NOUN	NOUN			1	39.7630	ABC	3	NOUN
DET <det NOUN >appos NUM	DET	NOUN	NUM			1	39.7630	ABC	3	NOUN
ADP <case NOUN >conj (CCONJ <cc ADJ <amod NOUN)	ADP	NOUN	CCONJ	ADJ	NOUN	1	39.7630	ABCDE	5	NOUN
(PROPN <compound PROPN <compound PROPN) <compound NOUN	PROPN	PROPN	PROPN	NOUN		1	39.7630	ABCD	4	NOUN
DET <det NOUN >nmod (ADP <case NOUN <nummod PROPN)	DET	NOUN	ADP	NOUN	PROPN	1	39.7630	ABCDE	5	NOUN
CCONJ <cc VERB <amod NOUN	CCONJ	VERB	NOUN			1	39.7630	ABC	3	NOUN
ADP <case PUNCT <punct DET <det PUNCT <punct NOUN	ADP	PUNCT	DET	PUNCT	NOUN	1	39.7630	ABCDE	5	NOUN
PRON <nsubj AUX <cop PART <advmod NOUN	PRON	AUX	PART	NOUN		1	39.7630	ABCD	4	NOUN
DET <det PUNCT <punct ADJ <amod PUNCT <punct NOUN	DET	PUNCT	ADJ	PUNCT	NOUN	1	39.7630	ABCDE	5	NOUN
CCONJ <cc ADV <advmod PROPN <compound NOUN	CCONJ	ADV	PROPN	NOUN		1	39.7630	ABCD	4	NOUN
ADP <case PROPN <compound ADJ <amod NOUN	ADP	PROPN	ADJ	NOUN		1	39.7630	ABCD	4	NOUN
((ADJ >fixed ADP) <advmod NUM) <nummod NOUN	ADJ	ADP	NUM	NOUN		1	39.7630	ABCD	4	NOUN
ADV <advmod NOUN >nmod (ADP <case NOUN <compound NOUN)	ADV	NOUN	ADP	NOUN	NOUN	1	39.7630	ABCDE	5	NOUN
SCONJ <mark PRON <nsubj AUX <cop NOUN	SCONJ	PRON	AUX	NOUN		1	39.7630	ABCD	4	NOUN
ADJ <amod NOUN >nmod (ADP <case PRON)	ADJ	NOUN	ADP	PRON		1	39.7630	ABCD	4	NOUN
ADJ <amod NOUN <compound NOUN >nmod (ADP <case NOUN)	ADJ	NOUN	NOUN	ADP	NOUN	1	39.7630	ABCDE	5	NOUN
ADJ <amod NOUN >nmod (ADP <case PRON <nmod:poss NOUN)	ADJ	NOUN	ADP	PRON	NOUN	1	39.7630	ABCDE	5	NOUN
ADJ <amod NOUN >nmod (ADP <case PUNCT <punct X)	ADJ	NOUN	ADP	PUNCT	X	1	39.7630	ABCDE	5	NOUN
PUNCT <punct CCONJ <cc NOUN <compound NOUN	PUNCT	CCONJ	NOUN	NOUN		1	39.7630	ABCD	4	NOUN
DET <det NOUN >nmod:npmod PRON	DET	NOUN	PRON			1	39.7630	ABC	3	NOUN
ADP <case NUM <nummod NOUN >nmod:npmod DET	ADP	NUM	NOUN	DET		1	39.7630	ABCD	4	NOUN
ADP <case DET <det VERB <amod NUM <nummod NOUN	ADP	DET	VERB	NUM	NOUN	1	39.7630	ABCDE	5	NOUN
CCONJ <cc (NOUN <compound NOUN) <compound NOUN	CCONJ	NOUN	NOUN	NOUN		1	39.7630	ABCD	4	NOUN
ADP <case ADP <case DET <det NOUN <compound NOUN	ADP	ADP	DET	NOUN	NOUN	1	39.7630	ABCDE	5	NOUN
DET <det NOUN >conj (CCONJ <cc DET <det NOUN)	DET	NOUN	CCONJ	DET	NOUN	1	39.7630	ABCDE	5	NOUN
ADP <case (NUM <nummod NOUN) <compound NOUN	ADP	NUM	NOUN	NOUN		1	39.7630	ABCD	4	NOUN
CCONJ <cc NOUN >nmod (ADP <case NOUN <compound NOUN)	CCONJ	NOUN	ADP	NOUN	NOUN	1	39.7630	ABCDE	5	NOUN
PUNCT <punct NUM <nummod PUNCT <punct NOUN	PUNCT	NUM	PUNCT	NOUN		1	39.7630	ABCD	4	NOUN
PUNCT <punct NOUN >conj (CCONJ <cc NOUN)	PUNCT	NOUN	CCONJ	NOUN		1	39.7630	ABCD	4	NOUN
(ADJ >conj (CCONJ <cc NOUN)) <compound NOUN	ADJ	CCONJ	NOUN	NOUN		1	39.7630	ABCD	4	NOUN
DET <det (PROPN <compound PUNCT <punct PROPN) <compound NOUN	DET	PROPN	PUNCT	PROPN	NOUN	1	39.7630	ABCDE	5	NOUN
ADP <case ADP <case DET <det ADJ <amod NOUN	ADP	ADP	DET	ADJ	NOUN	1	39.7630	ABCDE	5	NOUN
ADJ <amod NOUN >nmod (ADP <case ADJ <amod NOUN)	ADJ	NOUN	ADP	ADJ	NOUN	1	39.7630	ABCDE	5	NOUN
DET <det NOUN <compound NOUN >case PART	DET	NOUN	NOUN	PART		1	39.7630	ABCD	4	NOUN
DET <det NOUN <compound NOUN >conj (CCONJ <cc NOUN)	DET	NOUN	NOUN	CCONJ	NOUN	1	39.7630	ABCDE	5	NOUN
ADP <case DET <det NUM <compound NOUN	ADP	DET	NUM	NOUN		1	39.7630	ABCD	4	NOUN
ADJ <amod ADJ <amod (PROPN >flat PROPN) <compound NOUN	ADJ	ADJ	PROPN	PROPN	NOUN	1	39.7630	ABCDE	5	NOUN
ADP <case DET <det (PROPN <compound PROPN) <compound NOUN	ADP	DET	PROPN	PROPN	NOUN	1	39.7630	ABCDE	5	NOUN
(ADJ >fixed ADP) <case DET <det NOUN	ADJ	ADP	DET	NOUN		1	39.7630	ABCD	4	NOUN
ADJ <amod NOUN >nmod (ADP <case ADJ <amod PROPN)	ADJ	NOUN	ADP	ADJ	PROPN	1	39.7630	ABCDE	5	NOUN
ADP <case NUM <compound NOUN <compound NOUN	ADP	NUM	NOUN	NOUN		1	39.7630	ABCD	4	NOUN
ADV <advmod DET <det (NOUN >nummod NUM) <compound NOUN	ADV	DET	NOUN	NUM	NOUN	1	39.7630	ABCDE	5	NOUN
(ADJ <amod PUNCT <punct NOUN) <compound NOUN	ADJ	PUNCT	NOUN	NOUN		1	39.7630	ABCD	4	NOUN
ADP <case NUM <nummod NOUN >nmod (ADP <case NOUN)	ADP	NUM	NOUN	ADP	NOUN	1	39.7630	ABCDE	5	NOUN
DET <det (PROPN <compound PROPN) <compound NOUN	DET	PROPN	PROPN	NOUN		1	39.7630	ABCD	4	NOUN
PRON <nmod:poss (NUM <nummod NOUN) <compound NOUN	PRON	NUM	NOUN	NOUN		1	39.7630	ABCD	4	NOUN
ADP <case NUM <nummod ADJ <amod PROPN <compound NOUN	ADP	NUM	ADJ	PROPN	NOUN	1	39.7630	ABCDE	5	NOUN
ADP <case NUM <nummod NOUN >nmod:npmod (DET <det NOUN)	ADP	NUM	NOUN	DET	NOUN	1	39.7630	ABCDE	5	NOUN
NOUN >nmod (ADP <case PROPN >conj (CCONJ <cc PROPN))	NOUN	ADP	PROPN	CCONJ	PROPN	1	39.7630	ABCDE	5	NOUN
CCONJ <cc:preconj NOUN >conj (CCONJ <cc NOUN)	CCONJ	NOUN	CCONJ	NOUN		1	39.7630	ABCD	4	NOUN
PUNCT <punct ADP <case DET <det NOUN >punct PUNCT	PUNCT	ADP	DET	NOUN	PUNCT	1	39.7630	ABCDE	5	NOUN
PRON <nmod:poss ADJ <amod NOUN >nmod (ADP <case NOUN)	PRON	ADJ	NOUN	ADP	NOUN	1	39.7630	ABCDE	5	NOUN
ADP <case DET <det NUM <nummod NOUN	ADP	DET	NUM	NOUN		1	39.7630	ABCD	4	NOUN
DET <det PUNCT <punct NOUN <compound NOUN >punct PUNCT	DET	PUNCT	NOUN	NOUN	PUNCT	1	39.7630	ABCDE	5	NOUN
PROPN <compound NOUN >punct PUNCT >list (PROPN >flat PROPN)	PROPN	NOUN	PUNCT	PROPN	PROPN	1	39.7630	ABCDE	5	NOUN
ADP <case (PROPN >flat PROPN >case PART) <nmod:poss NOUN	ADP	PROPN	PROPN	PART	NOUN	1	39.7630	ABCDE	5	NOUN
ADP <case DET <det VERB <amod PROPN <compound NOUN	ADP	DET	VERB	PROPN	NOUN	1	39.7630	ABCDE	5	NOUN
DET <det NOUN >nmod (ADP <case PROPN >flat PROPN)	DET	NOUN	ADP	PROPN	PROPN	1	39.7630	ABCDE	5	NOUN
DET <det ADJ <amod ADJ <amod NOUN >appos PROPN	DET	ADJ	ADJ	NOUN	PROPN	1	39.7630	ABCDE	5	NOUN
ADP <case VERB <amod NOUN	ADP	VERB	NOUN			1	39.7630	ABC	3	NOUN
((ADP >fixed ADP) <advmod NUM) <nummod NOUN	ADP	ADP	NUM	NOUN		1	39.7630	ABCD	4	NOUN
PUNCT <punct ADJ <amod PUNCT <punct NOUN	PUNCT	ADJ	PUNCT	NOUN		1	39.7630	ABCD	4	NOUN
DET <det ADJ <amod (ADJ <amod PROPN) <compound NOUN	DET	ADJ	ADJ	PROPN	NOUN	1	39.7630	ABCDE	5	NOUN
PRON <nmod:poss ADJ <amod ADJ <amod NOUN	PRON	ADJ	ADJ	NOUN		1	39.7630	ABCD	4	NOUN
(DET <det PROPN >case PART) <nmod:poss NOUN	DET	PROPN	PART	NOUN		1	39.7630	ABCD	4	NOUN
ADV <advmod ADP <case PRON <nmod:poss ADJ <amod NOUN	ADV	ADP	PRON	ADJ	NOUN	1	39.7630	ABCDE	5	NOUN
(NOUN >case PART) <nmod:poss NOUN >nmod (ADP <case PROPN)	NOUN	PART	NOUN	ADP	PROPN	1	39.7630	ABCDE	5	NOUN
ADP <case (ADJ <amod PROPN) <compound NOUN	ADP	ADJ	PROPN	NOUN		1	39.7630	ABCD	4	NOUN
DET <det (ADJ <amod PROPN) <compound NOUN	DET	ADJ	PROPN	NOUN		1	39.7630	ABCD	4	NOUN
INTJ <discourse NUM <nummod NOUN	INTJ	NUM	NOUN			1	39.7630	ABC	3	NOUN
DET <det ADJ <amod NOUN >case PART	DET	ADJ	NOUN	PART		1	39.7630	ABCD	4	NOUN
DET <det NOUN >acl (VERB >xcomp PROPN)	DET	NOUN	VERB	PROPN		1	39.7630	ABCD	4	NOUN
INTJ <discourse DET <det NOUN >punct PUNCT	INTJ	DET	NOUN	PUNCT		1	39.7630	ABCD	4	NOUN
ADP <case DET <det NOUN >punct PUNCT >appos X	ADP	DET	NOUN	PUNCT	X	1	39.7630	ABCDE	5	NOUN
NOUN >acl (VERB >xcomp (NUM >nmod (SYM <case NUM)))	NOUN	VERB	NUM	SYM	NUM	1	39.7630	ABCDE	5	NOUN
ADP <case PROPN <compound (PROPN <compound PROPN) <compound NOUN	ADP	PROPN	PROPN	PROPN	NOUN	1	39.7630	ABCDE	5	NOUN
PROPN <compound (VERB <amod NOUN) <compound NOUN	PROPN	VERB	NOUN	NOUN		1	39.7630	ABCD	4	NOUN
NUM <nummod NOUN >nmod (ADP <case ADJ <amod NOUN)	NUM	NOUN	ADP	ADJ	NOUN	1	39.7630	ABCDE	5	NOUN
ADJ <amod NOUN >punct PUNCT >nummod NUM	ADJ	NOUN	PUNCT	NUM		1	39.7630	ABCD	4	NOUN
ADP <case PRON <nmod:poss NOUN >nmod (ADP <case PROPN)	ADP	PRON	NOUN	ADP	PROPN	1	39.7630	ABCDE	5	NOUN
DET <det NOUN >conj (CCONJ <cc PRON)	DET	NOUN	CCONJ	PRON		1	39.7630	ABCD	4	NOUN
ADP <case DET <det NOUN >conj (CCONJ <cc ADJ)	ADP	DET	NOUN	CCONJ	ADJ	1	39.7630	ABCDE	5	NOUN
PRON <nsubj AUX <cop DET <det NOUN >punct PUNCT	PRON	AUX	DET	NOUN	PUNCT	1	39.7630	ABCDE	5	NOUN
DET <det NOUN >case ADP	DET	NOUN	ADP			1	39.7630	ABC	3	NOUN
DET <det ADJ <amod NOUN >acl:relcl (PRON <nsubj VERB)	DET	ADJ	NOUN	PRON	VERB	1	39.7630	ABCDE	5	NOUN
SCONJ <mark PRON <nsubj AUX <cop DET <det NOUN	SCONJ	PRON	AUX	DET	NOUN	1	39.7630	ABCDE	5	NOUN
CCONJ <cc ADV <advmod PART <advmod NOUN	CCONJ	ADV	PART	NOUN		1	39.7630	ABCD	4	NOUN
PROPN <compound NOUN <compound NOUN >punct PUNCT	PROPN	NOUN	NOUN	PUNCT		1	39.7630	ABCD	4	NOUN
PRON <det NOUN	PRON	NOUN				1	39.7630	AB	2	NOUN
PUNCT <punct NOUN >nmod (ADP <case NOUN) >punct PUNCT	PUNCT	NOUN	ADP	NOUN	PUNCT	1	39.7630	ABCDE	5	NOUN
(PROPN <compound PROPN) <compound NOUN <compound NOUN >punct PUNCT	PROPN	PROPN	NOUN	NOUN	PUNCT	1	39.7630	ABCDE	5	NOUN
DET <det NOUN >nmod NOUN	DET	NOUN	NOUN			1	39.7630	ABC	3	NOUN
SCONJ <mark AUX <cop ADP <case DET <det NOUN	SCONJ	AUX	ADP	DET	NOUN	1	39.7630	ABCDE	5	NOUN
AUX <cop DET <det ADJ <amod NOUN	AUX	DET	ADJ	NOUN		1	39.7630	ABCD	4	NOUN
NUM <nummod ADJ <amod NOUN	NUM	ADJ	NOUN			1	39.7630	ABC	3	NOUN
CCONJ <cc AUX <cop ADP <case DET <det NOUN	CCONJ	AUX	ADP	DET	NOUN	1	39.7630	ABCDE	5	NOUN
DET <det (ADJ >conj (CCONJ <cc ADJ)) <amod NOUN	DET	ADJ	CCONJ	ADJ	NOUN	1	39.7630	ABCDE	5	NOUN
ADP <case NOUN >acl (VERB >xcomp PROPN)	ADP	NOUN	VERB	PROPN		1	39.7630	ABCD	4	NOUN
NOUN >nmod (ADP <case NOUN >acl (VERB >xcomp PROPN))	NOUN	ADP	NOUN	VERB	PROPN	1	39.7630	ABCDE	5	NOUN
DET <det NOUN >nmod (ADP <case NUM <nummod NOUN)	DET	NOUN	ADP	NUM	NOUN	1	39.7630	ABCDE	5	NOUN
NOUN >acl:relcl (PRON <nsubj AUX <cop PART <advmod ADJ)	NOUN	PRON	AUX	PART	ADJ	1	39.7630	ABCDE	5	NOUN
NOUN >nmod (ADP <case PRON <nmod:poss NOUN)	NOUN	ADP	PRON	NOUN		1	39.7630	ABCD	4	NOUN
PUNCT <punct NUM <nummod NOUN	PUNCT	NUM	NOUN			1	39.7630	ABC	3	NOUN
CCONJ <cc NUM <nummod NOUN	CCONJ	NUM	NOUN			1	39.7630	ABC	3	NOUN
NOUN <nsubj AUX <cop DET <det NOUN	NOUN	AUX	DET	NOUN		1	39.7630	ABCD	4	NOUN
VERB <case NOUN <compound NOUN	VERB	NOUN	NOUN			1	39.7630	ABC	3	NOUN
(PROPN <compound PROPN) <compound NOUN	PROPN	PROPN	NOUN			1	39.7630	ABC	3	NOUN
NOUN >acl (SCONJ <mark VERB >obl (ADP <case NOUN))	NOUN	SCONJ	VERB	ADP	NOUN	1	39.7630	ABCDE	5	NOUN
ADP <case (ADV <advmod NUM) <nummod NOUN	ADP	ADV	NUM	NOUN		1	39.7630	ABCD	4	NOUN
DET <det ADJ <amod NOUN >acl (VERB >xcomp PROPN)	DET	ADJ	NOUN	VERB	PROPN	1	39.7630	ABCDE	5	NOUN
PART <advmod ADP <case ADJ <amod NOUN <compound NOUN	PART	ADP	ADJ	NOUN	NOUN	1	39.7630	ABCDE	5	NOUN
CCONJ <cc ADP <case DET <det NOUN <compound NOUN	CCONJ	ADP	DET	NOUN	NOUN	1	39.7630	ABCDE	5	NOUN
(DET >conj (CCONJ <cc DET)) <det NOUN	DET	CCONJ	DET	NOUN		1	39.7630	ABCD	4	NOUN
ADJ <amod NOUN >nmod (ADP <case NOUN <compound NOUN)	ADJ	NOUN	ADP	NOUN	NOUN	1	39.7630	ABCDE	5	NOUN
(ADV <advmod ADJ) <amod NOUN >nmod (ADP <case ADV)	ADV	ADJ	NOUN	ADP	ADV	1	39.7630	ABCDE	5	NOUN
ADP <case DET <det NOUN >conj (CCONJ <cc PRON)	ADP	DET	NOUN	CCONJ	PRON	1	39.7630	ABCDE	5	NOUN
(ADJ <amod NOUN) <compound NOUN >punct PUNCT	ADJ	NOUN	NOUN	PUNCT		1	39.7630	ABCD	4	NOUN
DET <det NOUN >nmod (ADP <case PROPN >appos PROPN)	DET	NOUN	ADP	PROPN	PROPN	1	39.7630	ABCDE	5	NOUN
PUNCT <punct CCONJ <cc DET <det ADJ <amod NOUN	PUNCT	CCONJ	DET	ADJ	NOUN	1	39.7630	ABCDE	5	NOUN
ADJ <amod NOUN >acl (PART <mark VERB) >punct PUNCT	ADJ	NOUN	PART	VERB	PUNCT	1	39.7630	ABCDE	5	NOUN
ADJ <amod ADJ <amod NOUN >advmod ADV >punct PUNCT	ADJ	ADJ	NOUN	ADV	PUNCT	1	39.7630	ABCDE	5	NOUN
ADJ <amod NOUN >nmod (ADP <case PROPN) >punct PUNCT	ADJ	NOUN	ADP	PROPN	PUNCT	1	39.7630	ABCDE	5	NOUN
(ADV <advmod ADJ >goeswith X) <amod NOUN >punct PUNCT	ADV	ADJ	X	NOUN	PUNCT	1	39.7630	ABCDE	5	NOUN
CCONJ <cc DET <det ADJ <amod NOUN >punct PUNCT	CCONJ	DET	ADJ	NOUN	PUNCT	1	39.7630	ABCDE	5	NOUN
NOUN >conj NOUN >conj (CCONJ <cc NOUN)	NOUN	NOUN	CCONJ	NOUN		1	39.7630	ABCD	4	NOUN
DET <det ((PROPN >case PART) <nmod:poss PROPN) <compound NOUN	DET	PROPN	PART	PROPN	NOUN	1	39.7630	ABCDE	5	NOUN
ADV <advmod DET <det NOUN >punct PUNCT	ADV	DET	NOUN	PUNCT		1	39.7630	ABCD	4	NOUN
CCONJ <cc (ADV <advmod ADJ) <amod NOUN <compound NOUN	CCONJ	ADV	ADJ	NOUN	NOUN	1	39.7630	ABCDE	5	NOUN
NOUN <compound NOUN >discourse INTJ	NOUN	NOUN	INTJ			1	39.7630	ABC	3	NOUN
CCONJ <cc ADP <case NOUN >nmod (ADP <case PRON)	CCONJ	ADP	NOUN	ADP	PRON	1	39.7630	ABCDE	5	NOUN
NOUN <compound NOUN <compound NOUN	NOUN	NOUN	NOUN			1	39.7630	ABC	3	NOUN
NOUN >acl (PART <mark VERB >obl ADP) >punct PUNCT	NOUN	PART	VERB	ADP	PUNCT	1	39.7630	ABCDE	5	NOUN
CCONJ <cc NOUN <compound NOUN >punct PUNCT	CCONJ	NOUN	NOUN	PUNCT		1	39.7630	ABCD	4	NOUN
PUNCT <punct (NOUN <obl:npmod VERB) <amod NOUN	PUNCT	NOUN	VERB	NOUN		1	39.7630	ABCD	4	NOUN
INTJ <discourse PUNCT <punct ADJ <amod NOUN >punct PUNCT	INTJ	PUNCT	ADJ	NOUN	PUNCT	1	39.7630	ABCDE	5	NOUN
ADJ <amod NOUN <compound NOUN >conj (CCONJ <cc NOUN)	ADJ	NOUN	NOUN	CCONJ	NOUN	1	39.7630	ABCDE	5	NOUN
PUNCT <punct (ADV <advmod ADJ) <amod NOUN <compound NOUN	PUNCT	ADV	ADJ	NOUN	NOUN	1	39.7630	ABCDE	5	NOUN
ADJ <discourse NOUN	ADJ	NOUN				1	39.7630	AB	2	NOUN
PART <advmod ADP <case PROPN <compound NOUN	PART	ADP	PROPN	NOUN		1	39.7630	ABCD	4	NOUN
ADP <case NOUN >acl (PART <mark VERB)	ADP	NOUN	PART	VERB		1	39.7630	ABCD	4	NOUN
ADJ <amod NOUN >parataxis (ADV <advmod ADJ) >punct PUNCT	ADJ	NOUN	ADV	ADJ	PUNCT	1	39.7630	ABCDE	5	NOUN
PART <advmod DET <det NOUN <compound NOUN	PART	DET	NOUN	NOUN		1	39.7630	ABCD	4	NOUN
(VERB >compound ADP >conj (CCONJ <cc ADJ)) <amod NOUN	VERB	ADP	CCONJ	ADJ	NOUN	1	39.7630	ABCDE	5	NOUN
ADJ <amod NOUN >nmod (ADP <case NOUN) >punct PUNCT	ADJ	NOUN	ADP	NOUN	PUNCT	1	39.7630	ABCDE	5	NOUN
NOUN <compound NOUN >advmod ADV >punct PUNCT	NOUN	NOUN	ADV	PUNCT		1	39.7630	ABCD	4	NOUN
PUNCT <punct (ADJ >conj (CCONJ <cc ADJ)) <amod NOUN	PUNCT	ADJ	CCONJ	ADJ	NOUN	1	39.7630	ABCDE	5	NOUN
ADP <case NUM <nummod ADJ <amod NOUN	ADP	NUM	ADJ	NOUN		1	39.7630	ABCD	4	NOUN
ADJ <amod NOUN >list ADJ	ADJ	NOUN	ADJ			1	39.7630	ABC	3	NOUN
ADJ <amod ADJ <amod NOUN <compound NOUN	ADJ	ADJ	NOUN	NOUN		1	39.7630	ABCD	4	NOUN
ADJ <amod ADJ <amod NOUN <compound NOUN >punct PUNCT	ADJ	ADJ	NOUN	NOUN	PUNCT	1	39.7630	ABCDE	5	NOUN
DET <det:predet DET <det ADJ <amod NOUN >punct PUNCT	DET	DET	ADJ	NOUN	PUNCT	1	39.7630	ABCDE	5	NOUN
CCONJ <cc NOUN >punct PUNCT	CCONJ	NOUN	PUNCT			1	39.7630	ABC	3	NOUN
ADJ <amod NOUN >conj (CCONJ <cc NOUN >punct PUNCT)	ADJ	NOUN	CCONJ	NOUN	PUNCT	1	39.7630	ABCDE	5	NOUN
CCONJ <cc NOUN >acl:relcl (PRON <nsubj VERB)	CCONJ	NOUN	PRON	VERB		1	39.7630	ABCD	4	NOUN
CCONJ <cc ADJ <amod NOUN >acl (PART <mark VERB)	CCONJ	ADJ	NOUN	PART	VERB	1	39.7630	ABCDE	5	NOUN
NOUN >advmod ADV >vocative NOUN	NOUN	ADV	NOUN			1	39.7630	ABC	3	NOUN
ADP <case DET <det NOUN >appos PROPN	ADP	DET	NOUN	PROPN		1	39.7630	ABCD	4	NOUN
ADP <case (ADJ <amod PUNCT <punct NOUN) <compound NOUN	ADP	ADJ	PUNCT	NOUN	NOUN	1	39.7630	ABCDE	5	NOUN
PUNCT <punct PART <advmod NOUN	PUNCT	PART	NOUN			1	39.7630	ABC	3	NOUN
ADP <case ADJ <amod (PROPN >case PART) <nmod:poss NOUN	ADP	ADJ	PROPN	PART	NOUN	1	39.7630	ABCDE	5	NOUN
ADV <advmod ADP <case NOUN	ADV	ADP	NOUN			1	39.7630	ABC	3	NOUN
NOUN >advmod ADV >vocative PROPN >punct PUNCT	NOUN	ADV	PROPN	PUNCT		1	39.7630	ABCD	4	NOUN
SYM <case NOUN	SYM	NOUN				1	39.7630	AB	2	NOUN
(ADJ >obl (SYM <case NOUN)) <amod NOUN	ADJ	SYM	NOUN	NOUN		1	39.7630	ABCD	4	NOUN
PRON <nsubj AUX <cop PART <advmod ADJ <amod NOUN	PRON	AUX	PART	ADJ	NOUN	1	39.7630	ABCDE	5	NOUN
PUNCT <punct CCONJ <cc ADJ <amod NOUN <compound NOUN	PUNCT	CCONJ	ADJ	NOUN	NOUN	1	39.7630	ABCDE	5	NOUN
INTJ <discourse DET <det ADJ <amod NOUN >punct PUNCT	INTJ	DET	ADJ	NOUN	PUNCT	1	39.7630	ABCDE	5	NOUN
ADP <case NOUN >nmod (ADP <case PROPN <compound PROPN)	ADP	NOUN	ADP	PROPN	PROPN	1	39.7630	ABCDE	5	NOUN
DET <det ADJ <amod (NOUN <compound NOUN) <compound NOUN	DET	ADJ	NOUN	NOUN	NOUN	1	39.7630	ABCDE	5	NOUN
ADJ <amod (PROPN <compound PROPN) <compound NOUN	ADJ	PROPN	PROPN	NOUN		1	39.7630	ABCD	4	NOUN
(ADV <advmod ADJ) <amod NOUN <compound NOUN >punct PUNCT	ADV	ADJ	NOUN	NOUN	PUNCT	1	39.7630	ABCDE	5	NOUN
ADP <case ADP <case PRON <nmod:poss NOUN	ADP	ADP	PRON	NOUN		1	39.7630	ABCD	4	NOUN
DET <det (ADJ <amod ADJ) <amod NOUN	DET	ADJ	ADJ	NOUN		1	39.7630	ABCD	4	NOUN
(PROPN >flat PROPN >case PART) <nmod:poss NOUN	PROPN	PROPN	PART	NOUN		1	39.7630	ABCD	4	NOUN
ADP <case (DET <det NOUN) <nummod NOUN >advmod ADV	ADP	DET	NOUN	NOUN	ADV	1	39.7630	ABCDE	5	NOUN
ADP <case DET <det:predet PRON <nmod:poss NOUN	ADP	DET	PRON	NOUN		1	39.7630	ABCD	4	NOUN
NOUN >nmod (ADP <case DET <det:predet PRON <nmod:poss NOUN)	NOUN	ADP	DET	PRON	NOUN	1	39.7630	ABCDE	5	NOUN
(PROPN >case PART) <nmod:poss NOUN <compound NOUN	PROPN	PART	NOUN	NOUN		1	39.7630	ABCD	4	NOUN
ADP <case NOUN >nmod (ADP <case ADJ <amod NOUN)	ADP	NOUN	ADP	ADJ	NOUN	1	39.7630	ABCDE	5	NOUN
CCONJ <cc PART <advmod ADV <advmod DET <det NOUN	CCONJ	PART	ADV	DET	NOUN	1	39.7630	ABCDE	5	NOUN
CCONJ <cc ADP <case NOUN	CCONJ	ADP	NOUN			1	39.7630	ABC	3	NOUN
ADP <case ADJ <amod NOUN >nmod (ADP <case PRON)	ADP	ADJ	NOUN	ADP	PRON	1	39.7630	ABCDE	5	NOUN
ADP <case NOUN >nmod (ADP <case PRON <nmod:poss NOUN)	ADP	NOUN	ADP	PRON	NOUN	1	39.7630	ABCDE	5	NOUN
CCONJ <cc NOUN <compound PUNCT <punct NOUN	CCONJ	NOUN	PUNCT	NOUN		1	39.7630	ABCD	4	NOUN
NUM <nummod NOUN >nmod (ADP <case ADJ)	NUM	NOUN	ADP	ADJ		1	39.7630	ABCD	4	NOUN
DET <det (ADV <advmod ADJ) <amod NOUN	DET	ADV	ADJ	NOUN		1	39.7630	ABCD	4	NOUN
(ADP >fixed ADP) <case NOUN <compound NOUN	ADP	ADP	NOUN	NOUN		1	39.7630	ABCD	4	NOUN
PROPN <compound NOUN <compound NOUN	PROPN	NOUN	NOUN			1	39.7630	ABC	3	NOUN
ADJ <amod NOUN <compound PUNCT <punct NOUN >punct PUNCT	ADJ	NOUN	PUNCT	NOUN	PUNCT	1	39.7630	ABCDE	5	NOUN
PRON <nmod:poss NOUN >advmod ADV	PRON	NOUN	ADV			1	39.7630	ABC	3	NOUN
PUNCT <punct DET <det ADJ <amod NOUN	PUNCT	DET	ADJ	NOUN		1	39.7630	ABCD	4	NOUN
(ADP >fixed ADP) <case PRON <nmod:poss ADJ <amod NOUN	ADP	ADP	PRON	ADJ	NOUN	1	39.7630	ABCDE	5	NOUN
ADP <case ADJ <amod ADJ <amod NOUN <compound NOUN	ADP	ADJ	ADJ	NOUN	NOUN	1	39.7630	ABCDE	5	NOUN
NOUN >nmod (ADP <case DET <det ADJ <amod NOUN)	NOUN	ADP	DET	ADJ	NOUN	1	39.7630	ABCDE	5	NOUN
ADP <case PRON <nmod:poss ADJ <amod ADJ <amod NOUN	ADP	PRON	ADJ	ADJ	NOUN	1	39.7630	ABCDE	5	NOUN
PUNCT <punct ADJ <amod NOUN >discourse NOUN	PUNCT	ADJ	NOUN	NOUN		1	39.7630	ABCD	4	NOUN
(ADP >goeswith X) <case DET <det NOUN	ADP	X	DET	NOUN		1	39.7630	ABCD	4	NOUN
ADP <case PRON <nmod:poss (NOUN <compound NOUN) <compound NOUN	ADP	PRON	NOUN	NOUN	NOUN	1	39.7630	ABCDE	5	NOUN
PUNCT <punct DET <det ADJ <amod NOUN <compound NOUN	PUNCT	DET	ADJ	NOUN	NOUN	1	39.7630	ABCDE	5	NOUN
ADP <case (ADJ <amod ADJ) <amod NOUN	ADP	ADJ	ADJ	NOUN		1	39.7630	ABCD	4	NOUN
ADP <case NOUN >conj (PUNCT <punct ADJ <amod NOUN)	ADP	NOUN	PUNCT	ADJ	NOUN	1	39.7630	ABCDE	5	NOUN
ADJ <amod NOUN >conj (ADJ <amod NOUN) >punct PUNCT	ADJ	NOUN	ADJ	NOUN	PUNCT	1	39.7630	ABCDE	5	NOUN
DET <det NOUN >acl:relcl (PRON <nsubj VERB >advmod ADV)	DET	NOUN	PRON	VERB	ADV	1	39.7630	ABCDE	5	NOUN
AUX <cop DET <det NOUN	AUX	DET	NOUN			1	39.7630	ABC	3	NOUN
(PROPN <compound PROPN >case PART) <nmod:poss NOUN <compound NOUN	PROPN	PROPN	PART	NOUN	NOUN	1	39.7630	ABCDE	5	NOUN
ADP <case DET <det:predet PRON <nmod:poss NOUN <compound NOUN	ADP	DET	PRON	NOUN	NOUN	1	39.7630	ABCDE	5	NOUN
CCONJ <cc NOUN >punct PUNCT >nummod NUM	CCONJ	NOUN	PUNCT	NUM		1	39.7630	ABCD	4	NOUN
DET <det ADJ <amod NOUN >advmod (ADV <advmod ADV)	DET	ADJ	NOUN	ADV	ADV	1	39.7630	ABCDE	5	NOUN
AUX <cop PART <advmod DET <det NOUN <compound NOUN	AUX	PART	DET	NOUN	NOUN	1	39.7630	ABCDE	5	NOUN
ADP <case DET <det ADJ <amod NOUN >advmod ADV	ADP	DET	ADJ	NOUN	ADV	1	39.7630	ABCDE	5	NOUN
DET <det ADJ <amod ADJ <amod NOUN <compound NOUN	DET	ADJ	ADJ	NOUN	NOUN	1	39.7630	ABCDE	5	NOUN
ADP <case (ADV <advmod ADJ) <amod NOUN	ADP	ADV	ADJ	NOUN		1	39.7630	ABCD	4	NOUN
ADP <case ADJ <amod NOUN >acl (PART <mark VERB)	ADP	ADJ	NOUN	PART	VERB	1	39.7630	ABCDE	5	NOUN
(ADV <advmod NUM) <nummod NOUN >nmod:tmod (DET <det NOUN)	ADV	NUM	NOUN	DET	NOUN	1	39.7630	ABCDE	5	NOUN
PRON <nmod:poss ADJ <amod NOUN >case PART	PRON	ADJ	NOUN	PART		1	39.7630	ABCD	4	NOUN
(PUNCT <punct ADJ <amod NOUN >punct PUNCT) <compound NOUN	PUNCT	ADJ	NOUN	PUNCT	NOUN	1	39.7630	ABCDE	5	NOUN
NOUN >vocative PROPN >punct PUNCT	NOUN	PROPN	PUNCT			1	39.7630	ABC	3	NOUN
NOUN >acl:relcl (PRON <nsubj AUX <aux VERB)	NOUN	PRON	AUX	VERB		1	39.7630	ABCD	4	NOUN
(NUM <nummod NOUN) <compound NOUN <compound NOUN	NUM	NOUN	NOUN	NOUN		1	39.7630	ABCD	4	NOUN
